{
    "0BSD": [
        "BSD Zero Clause License",
        true,
        false
    ],
    "AAL": [
        "Attribution Assurance License",
        true,
        false
    ],
    "Abstyles": [
        "Abstyles License",
        false,
        false
    ],
    "Adobe-2006": [
        "Adobe Systems Incorporated Source Code License Agreement",
        false,
        false
    ],
    "Adobe-Glyph": [
        "Adobe Glyph List License",
        false,
        false
    ],
    "ADSL": [
        "Amazon Digital Services License",
        false,
        false
    ],
    "AFL-1.1": [
        "Academic Free License v1.1",
        true,
        false
    ],
    "AFL-1.2": [
        "Academic Free License v1.2",
        true,
        false
    ],
    "AFL-2.0": [
        "Academic Free License v2.0",
        true,
        false
    ],
    "AFL-2.1": [
        "Academic Free License v2.1",
        true,
        false
    ],
    "AFL-3.0": [
        "Academic Free License v3.0",
        true,
        false
    ],
    "Afmparse": [
        "Afmparse License",
        false,
        false
    ],
    "AGPL-1.0": [
        "Affero General Public License v1.0",
        false,
        true
    ],
    "AGPL-1.0-only": [
        "Affero General Public License v1.0 only",
        false,
        false
    ],
    "AGPL-1.0-or-later": [
        "Affero General Public License v1.0 or later",
        false,
        false
    ],
    "AGPL-3.0": [
        "GNU Affero General Public License v3.0",
        true,
        true
    ],
    "AGPL-3.0-only": [
        "GNU Affero General Public License v3.0 only",
        true,
        false
    ],
    "AGPL-3.0-or-later": [
        "GNU Affero General Public License v3.0 or later",
        true,
        false
    ],
    "Aladdin": [
        "Aladdin Free Public License",
        false,
        false
    ],
    "AMDPLPA": [
        "AMD's plpa_map.c License",
        false,
        false
    ],
    "AML": [
        "Apple MIT License",
        false,
        false
    ],
    "AMPAS": [
        "Academy of Motion Picture Arts and Sciences BSD",
        false,
        false
    ],
    "ANTLR-PD": [
        "ANTLR Software Rights Notice",
        false,
        false
    ],
    "Apache-1.0": [
        "Apache License 1.0",
        false,
        false
    ],
    "Apache-1.1": [
        "Apache License 1.1",
        true,
        false
    ],
    "Apache-2.0": [
        "Apache License 2.0",
        true,
        false
    ],
    "APAFML": [
        "Adobe Postscript AFM License",
        false,
        false
    ],
    "APL-1.0": [
        "Adaptive Public License 1.0",
        true,
        false
    ],
    "APSL-1.0": [
        "Apple Public Source License 1.0",
        true,
        false
    ],
    "APSL-1.1": [
        "Apple Public Source License 1.1",
        true,
        false
    ],
    "APSL-1.2": [
        "Apple Public Source License 1.2",
        true,
        false
    ],
    "APSL-2.0": [
        "Apple Public Source License 2.0",
        true,
        false
    ],
    "Artistic-1.0": [
        "Artistic License 1.0",
        true,
        false
    ],
    "Artistic-1.0-cl8": [
        "Artistic License 1.0 w/clause 8",
        true,
        false
    ],
    "Artistic-1.0-Perl": [
        "Artistic License 1.0 (Perl)",
        true,
        false
    ],
    "Artistic-2.0": [
        "Artistic License 2.0",
        true,
        false
    ],
    "Bahyph": [
        "Bahyph License",
        false,
        false
    ],
    "Barr": [
        "Barr License",
        false,
        false
    ],
    "Beerware": [
        "Beerware License",
        false,
        false
    ],
    "BitTorrent-1.0": [
        "BitTorrent Open Source License v1.0",
        false,
        false
    ],
    "BitTorrent-1.1": [
        "BitTorrent Open Source License v1.1",
        false,
        false
    ],
    "Borceux": [
        "Borceux license",
        false,
        false
    ],
    "BSD-1-Clause": [
        "BSD 1-Clause License",
        false,
        false
    ],
    "BSD-2-Clause": [
        "BSD 2-Clause \"Simplified\" License",
        true,
        false
    ],
    "BSD-2-Clause-FreeBSD": [
        "BSD 2-Clause FreeBSD License",
        false,
        false
    ],
    "BSD-2-Clause-NetBSD": [
        "BSD 2-Clause NetBSD License",
        false,
        false
    ],
    "BSD-2-Clause-Patent": [
        "BSD-2-Clause Plus Patent License",
        true,
        false
    ],
    "BSD-3-Clause": [
        "BSD 3-Clause \"New\" or \"Revised\" License",
        true,
        false
    ],
    "BSD-3-Clause-Attribution": [
        "BSD with attribution",
        false,
        false
    ],
    "BSD-3-Clause-Clear": [
        "BSD 3-Clause Clear License",
        false,
        false
    ],
    "BSD-3-Clause-LBNL": [
        "Lawrence Berkeley National Labs BSD variant license",
        false,
        false
    ],
    "BSD-3-Clause-No-Nuclear-License": [
        "BSD 3-Clause No Nuclear License",
        false,
        false
    ],
    "BSD-3-Clause-No-Nuclear-License-2014": [
        "BSD 3-Clause No Nuclear License 2014",
        false,
        false
    ],
    "BSD-3-Clause-No-Nuclear-Warranty": [
        "BSD 3-Clause No Nuclear Warranty",
        false,
        false
    ],
    "BSD-4-Clause": [
        "BSD 4-Clause \"Original\" or \"Old\" License",
        false,
        false
    ],
    "BSD-4-Clause-UC": [
        "BSD-4-Clause (University of California-Specific)",
        false,
        false
    ],
    "BSD-Protection": [
        "BSD Protection License",
        false,
        false
    ],
    "BSD-Source-Code": [
        "BSD Source Code Attribution",
        false,
        false
    ],
    "BSL-1.0": [
        "Boost Software License 1.0",
        true,
        false
    ],
    "bzip2-1.0.5": [
        "bzip2 and libbzip2 License v1.0.5",
        false,
        false
    ],
    "bzip2-1.0.6": [
        "bzip2 and libbzip2 License v1.0.6",
        false,
        false
    ],
    "Caldera": [
        "Caldera License",
        false,
        false
    ],
    "CATOSL-1.1": [
        "Computer Associates Trusted Open Source License 1.1",
        true,
        false
    ],
    "CC-BY-1.0": [
        "Creative Commons Attribution 1.0 Generic",
        false,
        false
    ],
    "CC-BY-2.0": [
        "Creative Commons Attribution 2.0 Generic",
        false,
        false
    ],
    "CC-BY-2.5": [
        "Creative Commons Attribution 2.5 Generic",
        false,
        false
    ],
    "CC-BY-3.0": [
        "Creative Commons Attribution 3.0 Unported",
        false,
        false
    ],
    "CC-BY-4.0": [
        "Creative Commons Attribution 4.0 International",
        false,
        false
    ],
    "CC-BY-NC-1.0": [
        "Creative Commons Attribution Non Commercial 1.0 Generic",
        false,
        false
    ],
    "CC-BY-NC-2.0": [
        "Creative Commons Attribution Non Commercial 2.0 Generic",
        false,
        false
    ],
    "CC-BY-NC-2.5": [
        "Creative Commons Attribution Non Commercial 2.5 Generic",
        false,
        false
    ],
    "CC-BY-NC-3.0": [
        "Creative Commons Attribution Non Commercial 3.0 Unported",
        false,
        false
    ],
    "CC-BY-NC-4.0": [
        "Creative Commons Attribution Non Commercial 4.0 International",
        false,
        false
    ],
    "CC-BY-NC-ND-1.0": [
        "Creative Commons Attribution Non Commercial No Derivatives 1.0 Generic",
        false,
        false
    ],
    "CC-BY-NC-ND-2.0": [
        "Creative Commons Attribution Non Commercial No Derivatives 2.0 Generic",
        false,
        false
    ],
    "CC-BY-NC-ND-2.5": [
        "Creative Commons Attribution Non Commercial No Derivatives 2.5 Generic",
        false,
        false
    ],
    "CC-BY-NC-ND-3.0": [
        "Creative Commons Attribution Non Commercial No Derivatives 3.0 Unported",
        false,
        false
    ],
    "CC-BY-NC-ND-4.0": [
        "Creative Commons Attribution Non Commercial No Derivatives 4.0 International",
        false,
        false
    ],
    "CC-BY-NC-SA-1.0": [
        "Creative Commons Attribution Non Commercial Share Alike 1.0 Generic",
        false,
        false
    ],
    "CC-BY-NC-SA-2.0": [
        "Creative Commons Attribution Non Commercial Share Alike 2.0 Generic",
        false,
        false
    ],
    "CC-BY-NC-SA-2.5": [
        "Creative Commons Attribution Non Commercial Share Alike 2.5 Generic",
        false,
        false
    ],
    "CC-BY-NC-SA-3.0": [
        "Creative Commons Attribution Non Commercial Share Alike 3.0 Unported",
        false,
        false
    ],
    "CC-BY-NC-SA-4.0": [
        "Creative Commons Attribution Non Commercial Share Alike 4.0 International",
        false,
        false
    ],
    "CC-BY-ND-1.0": [
        "Creative Commons Attribution No Derivatives 1.0 Generic",
        false,
        false
    ],
    "CC-BY-ND-2.0": [
        "Creative Commons Attribution No Derivatives 2.0 Generic",
        false,
        false
    ],
    "CC-BY-ND-2.5": [
        "Creative Commons Attribution No Derivatives 2.5 Generic",
        false,
        false
    ],
    "CC-BY-ND-3.0": [
        "Creative Commons Attribution No Derivatives 3.0 Unported",
        false,
        false
    ],
    "CC-BY-ND-4.0": [
        "Creative Commons Attribution No Derivatives 4.0 International",
        false,
        false
    ],
    "CC-BY-SA-1.0": [
        "Creative Commons Attribution Share Alike 1.0 Generic",
        false,
        false
    ],
    "CC-BY-SA-2.0": [
        "Creative Commons Attribution Share Alike 2.0 Generic",
        false,
        false
    ],
    "CC-BY-SA-2.5": [
        "Creative Commons Attribution Share Alike 2.5 Generic",
        false,
        false
    ],
    "CC-BY-SA-3.0": [
        "Creative Commons Attribution Share Alike 3.0 Unported",
        false,
        false
    ],
    "CC-BY-SA-4.0": [
        "Creative Commons Attribution Share Alike 4.0 International",
        false,
        false
    ],
    "CC0-1.0": [
        "Creative Commons Zero v1.0 Universal",
        false,
        false
    ],
    "CDDL-1.0": [
        "Common Development and Distribution License 1.0",
        true,
        false
    ],
    "CDDL-1.1": [
        "Common Development and Distribution License 1.1",
        false,
        false
    ],
    "CDLA-Permissive-1.0": [
        "Community Data License Agreement Permissive 1.0",
        false,
        false
    ],
    "CDLA-Sharing-1.0": [
        "Community Data License Agreement Sharing 1.0",
        false,
        false
    ],
    "CECILL-1.0": [
        "CeCILL Free Software License Agreement v1.0",
        false,
        false
    ],
    "CECILL-1.1": [
        "CeCILL Free Software License Agreement v1.1",
        false,
        false
    ],
    "CECILL-2.0": [
        "CeCILL Free Software License Agreement v2.0",
        false,
        false
    ],
    "CECILL-2.1": [
        "CeCILL Free Software License Agreement v2.1",
        true,
        false
    ],
    "CECILL-B": [
        "CeCILL-B Free Software License Agreement",
        false,
        false
    ],
    "CECILL-C": [
        "CeCILL-C Free Software License Agreement",
        false,
        false
    ],
    "CERN-OHL-1.1": [
        "CERN Open Hardware License v1.1",
        false,
        false
    ],
    "CERN-OHL-1.2": [
        "CERN Open Hardware Licence v1.2",
        false,
        false
    ],
    "ClArtistic": [
        "Clarified Artistic License",
        false,
        false
    ],
    "CNRI-Jython": [
        "CNRI Jython License",
        false,
        false
    ],
    "CNRI-Python": [
        "CNRI Python License",
        true,
        false
    ],
    "CNRI-Python-GPL-Compatible": [
        "CNRI Python Open Source GPL Compatible License Agreement",
        false,
        false
    ],
    "Condor-1.1": [
        "Condor Public License v1.1",
        false,
        false
    ],
    "copyleft-next-0.3.0": [
        "copyleft-next 0.3.0",
        false,
        false
    ],
    "copyleft-next-0.3.1": [
        "copyleft-next 0.3.1",
        false,
        false
    ],
    "CPAL-1.0": [
        "Common Public Attribution License 1.0",
        true,
        false
    ],
    "CPL-1.0": [
        "Common Public License 1.0",
        true,
        false
    ],
    "CPOL-1.02": [
        "Code Project Open License 1.02",
        false,
        false
    ],
    "Crossword": [
        "Crossword License",
        false,
        false
    ],
    "CrystalStacker": [
        "CrystalStacker License",
        false,
        false
    ],
    "CUA-OPL-1.0": [
        "CUA Office Public License v1.0",
        true,
        false
    ],
    "Cube": [
        "Cube License",
        false,
        false
    ],
    "curl": [
        "curl License",
        false,
        false
    ],
    "D-FSL-1.0": [
        "Deutsche Freie Software Lizenz",
        false,
        false
    ],
    "diffmark": [
        "diffmark license",
        false,
        false
    ],
    "DOC": [
        "DOC License",
        false,
        false
    ],
    "Dotseqn": [
        "Dotseqn License",
        false,
        false
    ],
    "DSDP": [
        "DSDP License",
        false,
        false
    ],
    "dvipdfm": [
        "dvipdfm License",
        false,
        false
    ],
    "ECL-1.0": [
        "Educational Community License v1.0",
        true,
        false
    ],
    "ECL-2.0": [
        "Educational Community License v2.0",
        true,
        false
    ],
    "eCos-2.0": [
        "eCos license version 2.0",
        false,
        true
    ],
    "EFL-1.0": [
        "Eiffel Forum License v1.0",
        true,
        false
    ],
    "EFL-2.0": [
        "Eiffel Forum License v2.0",
        true,
        false
    ],
    "eGenix": [
        "eGenix.com Public License 1.1.0",
        false,
        false
    ],
    "Entessa": [
        "Entessa Public License v1.0",
        true,
        false
    ],
    "EPL-1.0": [
        "Eclipse Public License 1.0",
        true,
        false
    ],
    "EPL-2.0": [
        "Eclipse Public License 2.0",
        true,
        false
    ],
    "ErlPL-1.1": [
        "Erlang Public License v1.1",
        false,
        false
    ],
    "EUDatagrid": [
        "EU DataGrid Software License",
        true,
        false
    ],
    "EUPL-1.0": [
        "European Union Public License 1.0",
        false,
        false
    ],
    "EUPL-1.1": [
        "European Union Public License 1.1",
        true,
        false
    ],
    "EUPL-1.2": [
        "European Union Public License 1.2",
        true,
        false
    ],
    "Eurosym": [
        "Eurosym License",
        false,
        false
    ],
    "Fair": [
        "Fair License",
        true,
        false
    ],
    "Frameworx-1.0": [
        "Frameworx Open License 1.0",
        true,
        false
    ],
    "FreeImage": [
        "FreeImage Public License v1.0",
        false,
        false
    ],
    "FSFAP": [
        "FSF All Permissive License",
        false,
        false
    ],
    "FSFUL": [
        "FSF Unlimited License",
        false,
        false
    ],
    "FSFULLR": [
        "FSF Unlimited License (with License Retention)",
        false,
        false
    ],
    "FTL": [
        "Freetype Project License",
        false,
        false
    ],
    "GFDL-1.1": [
        "GNU Free Documentation License v1.1",
        false,
        true
    ],
    "GFDL-1.1-only": [
        "GNU Free Documentation License v1.1 only",
        false,
        false
    ],
    "GFDL-1.1-or-later": [
        "GNU Free Documentation License v1.1 or later",
        false,
        false
    ],
    "GFDL-1.2": [
        "GNU Free Documentation License v1.2",
        false,
        true
    ],
    "GFDL-1.2-only": [
        "GNU Free Documentation License v1.2 only",
        false,
        false
    ],
    "GFDL-1.2-or-later": [
        "GNU Free Documentation License v1.2 or later",
        false,
        false
    ],
    "GFDL-1.3": [
        "GNU Free Documentation License v1.3",
        false,
        true
    ],
    "GFDL-1.3-only": [
        "GNU Free Documentation License v1.3 only",
        false,
        false
    ],
    "GFDL-1.3-or-later": [
        "GNU Free Documentation License v1.3 or later",
        false,
        false
    ],
    "Giftware": [
        "Giftware License",
        false,
        false
    ],
    "GL2PS": [
        "GL2PS License",
        false,
        false
    ],
    "Glide": [
        "3dfx Glide License",
        false,
        false
    ],
    "Glulxe": [
        "Glulxe License",
        false,
        false
    ],
    "gnuplot": [
        "gnuplot License",
        false,
        false
    ],
    "GPL-1.0": [
        "GNU General Public License v1.0 only",
        false,
        true
    ],
    "GPL-1.0+": [
        "GNU General Public License v1.0 or later",
        false,
        true
    ],
    "GPL-1.0-only": [
        "GNU General Public License v1.0 only",
        false,
        false
    ],
    "GPL-1.0-or-later": [
        "GNU General Public License v1.0 or later",
        false,
        false
    ],
    "GPL-2.0": [
        "GNU General Public License v2.0 only",
        true,
        true
    ],
    "GPL-2.0+": [
        "GNU General Public License v2.0 or later",
        true,
        true
    ],
    "GPL-2.0-only": [
        "GNU General Public License v2.0 only",
        true,
        false
    ],
    "GPL-2.0-or-later": [
        "GNU General Public License v2.0 or later",
        true,
        false
    ],
    "GPL-2.0-with-autoconf-exception": [
        "GNU General Public License v2.0 w/Autoconf exception",
        false,
        true
    ],
    "GPL-2.0-with-bison-exception": [
        "GNU General Public License v2.0 w/Bison exception",
        false,
        true
    ],
    "GPL-2.0-with-classpath-exception": [
        "GNU General Public License v2.0 w/Classpath exception",
        false,
        true
    ],
    "GPL-2.0-with-font-exception": [
        "GNU General Public License v2.0 w/Font exception",
        false,
        true
    ],
    "GPL-2.0-with-GCC-exception": [
        "GNU General Public License v2.0 w/GCC Runtime Library exception",
        false,
        true
    ],
    "GPL-3.0": [
        "GNU General Public License v3.0 only",
        true,
        true
    ],
    "GPL-3.0+": [
        "GNU General Public License v3.0 or later",
        true,
        true
    ],
    "GPL-3.0-only": [
        "GNU General Public License v3.0 only",
        true,
        false
    ],
    "GPL-3.0-or-later": [
        "GNU General Public License v3.0 or later",
        true,
        false
    ],
    "GPL-3.0-with-autoconf-exception": [
        "GNU General Public License v3.0 w/Autoconf exception",
        false,
        true
    ],
    "GPL-3.0-with-GCC-exception": [
        "GNU General Public License v3.0 w/GCC Runtime Library exception",
        true,
        true
    ],
    "gSOAP-1.3b": [
        "gSOAP Public License v1.3b",
        false,
        false
    ],
    "HaskellReport": [
        "Haskell Language Report License",
        false,
        false
    ],
    "HPND": [
        "Historical Permission Notice and Disclaimer",
        true,
        false
    ],
    "HPND-sell-variant": [
        "Historical Permission Notice and Disclaimer - sell variant",
        false,
        false
    ],
    "IBM-pibs": [
        "IBM PowerPC Initialization and Boot Software",
        false,
        false
    ],
    "ICU": [
        "ICU License",
        false,
        false
    ],
    "IJG": [
        "Independent JPEG Group License",
        false,
        false
    ],
    "ImageMagick": [
        "ImageMagick License",
        false,
        false
    ],
    "iMatix": [
        "iMatix Standard Function Library Agreement",
        false,
        false
    ],
    "Imlib2": [
        "Imlib2 License",
        false,
        false
    ],
    "Info-ZIP": [
        "Info-ZIP License",
        false,
        false
    ],
    "Intel": [
        "Intel Open Source License",
        true,
        false
    ],
    "Intel-ACPI": [
        "Intel ACPI Software License Agreement",
        false,
        false
    ],
    "Interbase-1.0": [
        "Interbase Public License v1.0",
        false,
        false
    ],
    "IPA": [
        "IPA Font License",
        true,
        false
    ],
    "IPL-1.0": [
        "IBM Public License v1.0",
        true,
        false
    ],
    "ISC": [
        "ISC License",
        true,
        false
    ],
    "JasPer-2.0": [
        "JasPer License",
        false,
        false
    ],
    "JSON": [
        "JSON License",
        false,
        false
    ],
    "LAL-1.2": [
        "Licence Art Libre 1.2",
        false,
        false
    ],
    "LAL-1.3": [
        "Licence Art Libre 1.3",
        false,
        false
    ],
    "Latex2e": [
        "Latex2e License",
        false,
        false
    ],
    "Leptonica": [
        "Leptonica License",
        false,
        false
    ],
    "LGPL-2.0": [
        "GNU Library General Public License v2 only",
        true,
        true
    ],
    "LGPL-2.0+": [
        "GNU Library General Public License v2 or later",
        true,
        true
    ],
    "LGPL-2.0-only": [
        "GNU Library General Public License v2 only",
        true,
        false
    ],
    "LGPL-2.0-or-later": [
        "GNU Library General Public License v2 or later",
        true,
        false
    ],
    "LGPL-2.1": [
        "GNU Lesser General Public License v2.1 only",
        true,
        true
    ],
    "LGPL-2.1+": [
        "GNU Library General Public License v2.1 or later",
        true,
        true
    ],
    "LGPL-2.1-only": [
        "GNU Lesser General Public License v2.1 only",
        true,
        false
    ],
    "LGPL-2.1-or-later": [
        "GNU Lesser General Public License v2.1 or later",
        true,
        false
    ],
    "LGPL-3.0": [
        "GNU Lesser General Public License v3.0 only",
        true,
        true
    ],
    "LGPL-3.0+": [
        "GNU Lesser General Public License v3.0 or later",
        true,
        true
    ],
    "LGPL-3.0-only": [
        "GNU Lesser General Public License v3.0 only",
        true,
        false
    ],
    "LGPL-3.0-or-later": [
        "GNU Lesser General Public License v3.0 or later",
        true,
        false
    ],
    "LGPLLR": [
        "Lesser General Public License For Linguistic Resources",
        false,
        false
    ],
    "Libpng": [
        "libpng License",
        false,
        false
    ],
    "libtiff": [
        "libtiff License",
        false,
        false
    ],
    "LiLiQ-P-1.1": [
        "Licence Libre du Qu\u00e9bec \u2013 Permissive version 1.1",
        true,
        false
    ],
    "LiLiQ-R-1.1": [
        "Licence Libre du Qu\u00e9bec \u2013 R\u00e9ciprocit\u00e9 version 1.1",
        true,
        false
    ],
    "LiLiQ-Rplus-1.1": [
        "Licence Libre du Qu\u00e9bec \u2013 R\u00e9ciprocit\u00e9 forte version 1.1",
        true,
        false
    ],
    "Linux-OpenIB": [
        "Linux Kernel Variant of OpenIB.org license",
        false,
        false
    ],
    "LPL-1.0": [
        "Lucent Public License Version 1.0",
        true,
        false
    ],
    "LPL-1.02": [
        "Lucent Public License v1.02",
        true,
        false
    ],
    "LPPL-1.0": [
        "LaTeX Project Public License v1.0",
        false,
        false
    ],
    "LPPL-1.1": [
        "LaTeX Project Public License v1.1",
        false,
        false
    ],
    "LPPL-1.2": [
        "LaTeX Project Public License v1.2",
        false,
        false
    ],
    "LPPL-1.3a": [
        "LaTeX Project Public License v1.3a",
        false,
        false
    ],
    "LPPL-1.3c": [
        "LaTeX Project Public License v1.3c",
        true,
        false
    ],
    "MakeIndex": [
        "MakeIndex License",
        false,
        false
    ],
    "MirOS": [
        "MirOS License",
        true,
        false
    ],
    "MIT": [
        "MIT License",
        true,
        false
    ],
    "MIT-0": [
        "MIT No Attribution",
        true,
        false
    ],
    "MIT-advertising": [
        "Enlightenment License (e16)",
        false,
        false
    ],
    "MIT-CMU": [
        "CMU License",
        false,
        false
    ],
    "MIT-enna": [
        "enna License",
        false,
        false
    ],
    "MIT-feh": [
        "feh License",
        false,
        false
    ],
    "MITNFA": [
        "MIT +no-false-attribs license",
        false,
        false
    ],
    "Motosoto": [
        "Motosoto License",
        true,
        false
    ],
    "mpich2": [
        "mpich2 License",
        false,
        false
    ],
    "MPL-1.0": [
        "Mozilla Public License 1.0",
        true,
        false
    ],
    "MPL-1.1": [
        "Mozilla Public License 1.1",
        true,
        false
    ],
    "MPL-2.0": [
        "Mozilla Public License 2.0",
        true,
        false
    ],
    "MPL-2.0-no-copyleft-exception": [
        "Mozilla Public License 2.0 (no copyleft exception)",
        true,
        false
    ],
    "MS-PL": [
        "Microsoft Public License",
        true,
        false
    ],
    "MS-RL": [
        "Microsoft Reciprocal License",
        true,
        false
    ],
    "MTLL": [
        "Matrix Template Library License",
        false,
        false
    ],
    "Multics": [
        "Multics License",
        true,
        false
    ],
    "Mup": [
        "Mup License",
        false,
        false
    ],
    "NASA-1.3": [
        "NASA Open Source Agreement 1.3",
        true,
        false
    ],
    "Naumen": [
        "Naumen Public License",
        true,
        false
    ],
    "NBPL-1.0": [
        "Net Boolean Public License v1",
        false,
        false
    ],
    "NCSA": [
        "University of Illinois/NCSA Open Source License",
        true,
        false
    ],
    "Net-SNMP": [
        "Net-SNMP License",
        false,
        false
    ],
    "NetCDF": [
        "NetCDF license",
        false,
        false
    ],
    "Newsletr": [
        "Newsletr License",
        false,
        false
    ],
    "NGPL": [
        "Nethack General Public License",
        true,
        false
    ],
    "NLOD-1.0": [
        "Norwegian Licence for Open Government Data",
        false,
        false
    ],
    "NLPL": [
        "No Limit Public License",
        false,
        false
    ],
    "Nokia": [
        "Nokia Open Source License",
        true,
        false
    ],
    "NOSL": [
        "Netizen Open Source License",
        false,
        false
    ],
    "Noweb": [
        "Noweb License",
        false,
        false
    ],
    "NPL-1.0": [
        "Netscape Public License v1.0",
        false,
        false
    ],
    "NPL-1.1": [
        "Netscape Public License v1.1",
        false,
        false
    ],
    "NPOSL-3.0": [
        "Non-Profit Open Software License 3.0",
        true,
        false
    ],
    "NRL": [
        "NRL License",
        false,
        false
    ],
    "NTP": [
        "NTP License",
        true,
        false
    ],
    "Nunit": [
        "Nunit License",
        false,
        true
    ],
    "OCCT-PL": [
        "Open CASCADE Technology Public License",
        false,
        false
    ],
    "OCLC-2.0": [
        "OCLC Research Public License 2.0",
        true,
        false
    ],
    "ODbL-1.0": [
        "ODC Open Database License v1.0",
        false,
        false
    ],
    "ODC-By-1.0": [
        "Open Data Commons Attribution License v1.0",
        false,
        false
    ],
    "OFL-1.0": [
        "SIL Open Font License 1.0",
        false,
        false
    ],
    "OFL-1.1": [
        "SIL Open Font License 1.1",
        true,
        false
    ],
    "OGL-UK-1.0": [
        "Open Government Licence v1.0",
        false,
        false
    ],
    "OGL-UK-2.0": [
        "Open Government Licence v2.0",
        false,
        false
    ],
    "OGL-UK-3.0": [
        "Open Government Licence v3.0",
        false,
        false
    ],
    "OGTSL": [
        "Open Group Test Suite License",
        true,
        false
    ],
    "OLDAP-1.1": [
        "Open LDAP Public License v1.1",
        false,
        false
    ],
    "OLDAP-1.2": [
        "Open LDAP Public License v1.2",
        false,
        false
    ],
    "OLDAP-1.3": [
        "Open LDAP Public License v1.3",
        false,
        false
    ],
    "OLDAP-1.4": [
        "Open LDAP Public License v1.4",
        false,
        false
    ],
    "OLDAP-2.0": [
        "Open LDAP Public License v2.0 (or possibly 2.0A and 2.0B)",
        false,
        false
    ],
    "OLDAP-2.0.1": [
        "Open LDAP Public License v2.0.1",
        false,
        false
    ],
    "OLDAP-2.1": [
        "Open LDAP Public License v2.1",
        false,
        false
    ],
    "OLDAP-2.2": [
        "Open LDAP Public License v2.2",
        false,
        false
    ],
    "OLDAP-2.2.1": [
        "Open LDAP Public License v2.2.1",
        false,
        false
    ],
    "OLDAP-2.2.2": [
        "Open LDAP Public License 2.2.2",
        false,
        false
    ],
    "OLDAP-2.3": [
        "Open LDAP Public License v2.3",
        false,
        false
    ],
    "OLDAP-2.4": [
        "Open LDAP Public License v2.4",
        false,
        false
    ],
    "OLDAP-2.5": [
        "Open LDAP Public License v2.5",
        false,
        false
    ],
    "OLDAP-2.6": [
        "Open LDAP Public License v2.6",
        false,
        false
    ],
    "OLDAP-2.7": [
        "Open LDAP Public License v2.7",
        false,
        false
    ],
    "OLDAP-2.8": [
        "Open LDAP Public License v2.8",
        false,
        false
    ],
    "OML": [
        "Open Market License",
        false,
        false
    ],
    "OpenSSL": [
        "OpenSSL License",
        false,
        false
    ],
    "OPL-1.0": [
        "Open Public License v1.0",
        false,
        false
    ],
    "OSET-PL-2.1": [
        "OSET Public License version 2.1",
        true,
        false
    ],
    "OSL-1.0": [
        "Open Software License 1.0",
        true,
        false
    ],
    "OSL-1.1": [
        "Open Software License 1.1",
        false,
        false
    ],
    "OSL-2.0": [
        "Open Software License 2.0",
        true,
        false
    ],
    "OSL-2.1": [
        "Open Software License 2.1",
        true,
        false
    ],
    "OSL-3.0": [
        "Open Software License 3.0",
        true,
        false
    ],
    "PDDL-1.0": [
        "ODC Public Domain Dedication & License 1.0",
        false,
        false
    ],
    "PHP-3.0": [
        "PHP License v3.0",
        true,
        false
    ],
    "PHP-3.01": [
        "PHP License v3.01",
        false,
        false
    ],
    "Plexus": [
        "Plexus Classworlds License",
        false,
        false
    ],
    "PostgreSQL": [
        "PostgreSQL License",
        true,
        false
    ],
    "psfrag": [
        "psfrag License",
        false,
        false
    ],
    "psutils": [
        "psutils License",
        false,
        false
    ],
    "Python-2.0": [
        "Python License 2.0",
        true,
        false
    ],
    "Qhull": [
        "Qhull License",
        false,
        false
    ],
    "QPL-1.0": [
        "Q Public License 1.0",
        true,
        false
    ],
    "Rdisc": [
        "Rdisc License",
        false,
        false
    ],
    "RHeCos-1.1": [
        "Red Hat eCos Public License v1.1",
        false,
        false
    ],
    "RPL-1.1": [
        "Reciprocal Public License 1.1",
        true,
        false
    ],
    "RPL-1.5": [
        "Reciprocal Public License 1.5",
        true,
        false
    ],
    "RPSL-1.0": [
        "RealNetworks Public Source License v1.0",
        true,
        false
    ],
    "RSA-MD": [
        "RSA Message-Digest License",
        false,
        false
    ],
    "RSCPL": [
        "Ricoh Source Code Public License",
        true,
        false
    ],
    "Ruby": [
        "Ruby License",
        false,
        false
    ],
    "SAX-PD": [
        "Sax Public Domain Notice",
        false,
        false
    ],
    "Saxpath": [
        "Saxpath License",
        false,
        false
    ],
    "SCEA": [
        "SCEA Shared Source License",
        false,
        false
    ],
    "Sendmail": [
        "Sendmail License",
        false,
        false
    ],
    "Sendmail-8.23": [
        "Sendmail License 8.23",
        false,
        false
    ],
    "SGI-B-1.0": [
        "SGI Free Software License B v1.0",
        false,
        false
    ],
    "SGI-B-1.1": [
        "SGI Free Software License B v1.1",
        false,
        false
    ],
    "SGI-B-2.0": [
        "SGI Free Software License B v2.0",
        false,
        false
    ],
    "SimPL-2.0": [
        "Simple Public License 2.0",
        true,
        false
    ],
    "SISSL": [
        "Sun Industry Standards Source License v1.1",
        true,
        false
    ],
    "SISSL-1.2": [
        "Sun Industry Standards Source License v1.2",
        false,
        false
    ],
    "Sleepycat": [
        "Sleepycat License",
        true,
        false
    ],
    "SMLNJ": [
        "Standard ML of New Jersey License",
        false,
        false
    ],
    "SMPPL": [
        "Secure Messaging Protocol Public License",
        false,
        false
    ],
    "SNIA": [
        "SNIA Public License 1.1",
        false,
        false
    ],
    "Spencer-86": [
        "Spencer License 86",
        false,
        false
    ],
    "Spencer-94": [
        "Spencer License 94",
        false,
        false
    ],
    "Spencer-99": [
        "Spencer License 99",
        false,
        false
    ],
    "SPL-1.0": [
        "Sun Public License v1.0",
        true,
        false
    ],
    "StandardML-NJ": [
        "Standard ML of New Jersey License",
        false,
        true
    ],
    "SugarCRM-1.1.3": [
        "SugarCRM Public License v1.1.3",
        false,
        false
    ],
    "SWL": [
        "Scheme Widget Library (SWL) Software License Agreement",
        false,
        false
    ],
    "TAPR-OHL-1.0": [
        "TAPR Open Hardware License v1.0",
        false,
        false
    ],
    "TCL": [
        "TCL/TK License",
        false,
        false
    ],
    "TCP-wrappers": [
        "TCP Wrappers License",
        false,
        false
    ],
    "TMate": [
        "TMate Open Source License",
        false,
        false
    ],
    "TORQUE-1.1": [
        "TORQUE v2.5+ Software License v1.1",
        false,
        false
    ],
    "TOSL": [
        "Trusster Open Source License",
        false,
        false
    ],
    "TU-Berlin-1.0": [
        "Technische Universitaet Berlin License 1.0",
        false,
        false
    ],
    "TU-Berlin-2.0": [
        "Technische Universitaet Berlin License 2.0",
        false,
        false
    ],
    "Unicode-DFS-2015": [
        "Unicode License Agreement - Data Files and Software (2015)",
        false,
        false
    ],
    "Unicode-DFS-2016": [
        "Unicode License Agreement - Data Files and Software (2016)",
        false,
        false
    ],
    "Unicode-TOU": [
        "Unicode Terms of Use",
        false,
        false
    ],
    "Unlicense": [
        "The Unlicense",
        false,
        false
    ],
    "UPL-1.0": [
        "Universal Permissive License v1.0",
        true,
        false
    ],
    "Vim": [
        "Vim License",
        false,
        false
    ],
    "VOSTROM": [
        "VOSTROM Public License for Open Source",
        false,
        false
    ],
    "VSL-1.0": [
        "Vovida Software License v1.0",
        true,
        false
    ],
    "W3C": [
        "W3C Software Notice and License (2002-12-31)",
        true,
        false
    ],
    "W3C-19980720": [
        "W3C Software Notice and License (1998-07-20)",
        false,
        false
    ],
    "W3C-20150513": [
        "W3C Software Notice and Document License (2015-05-13)",
        false,
        false
    ],
    "Watcom-1.0": [
        "Sybase Open Watcom Public License 1.0",
        true,
        false
    ],
    "Wsuipa": [
        "Wsuipa License",
        false,
        false
    ],
    "WTFPL": [
        "Do What The F*ck You Want To Public License",
        false,
        false
    ],
    "wxWindows": [
        "wxWindows Library License",
        false,
        true
    ],
    "X11": [
        "X11 License",
        false,
        false
    ],
    "Xerox": [
        "Xerox License",
        false,
        false
    ],
    "XFree86-1.1": [
        "XFree86 License 1.1",
        false,
        false
    ],
    "xinetd": [
        "xinetd License",
        false,
        false
    ],
    "Xnet": [
        "X.Net License",
        true,
        false
    ],
    "xpp": [
        "XPP License",
        false,
        false
    ],
    "XSkat": [
        "XSkat License",
        false,
        false
    ],
    "YPL-1.0": [
        "Yahoo! Public License v1.0",
        false,
        false
    ],
    "YPL-1.1": [
        "Yahoo! Public License v1.1",
        false,
        false
    ],
    "Zed": [
        "Zed License",
        false,
        false
    ],
    "Zend-2.0": [
        "Zend License v2.0",
        false,
        false
    ],
    "Zimbra-1.3": [
        "Zimbra Public License v1.3",
        false,
        false
    ],
    "Zimbra-1.4": [
        "Zimbra Public License v1.4",
        false,
        false
    ],
    "Zlib": [
        "zlib License",
        true,
        false
    ],
    "zlib-acknowledgement": [
        "zlib/libpng License with Acknowledgement",
        false,
        false
    ],
    "ZPL-1.1": [
        "Zope Public License 1.1",
        false,
        false
    ],
    "ZPL-2.0": [
        "Zope Public License 2.0",
        true,
        false
    ],
    "ZPL-2.1": [
        "Zope Public License 2.1",
        false,
        false
    ]
}